uuid,set,video,pedestrian_id,start_frame,end_frame,split
ebe95068-7b30-45b9-92e2-b8465b5fc282,,video_0244.mp4,0_244_1882b,21,35,test
6d491bfc-4d29-4922-b5ef-bcef1551d701,,video_0216.mp4,0_216_1589b,78,92,test
80d7fa77-e220-4522-b0af-eca916b15b18,,video_0165.mp4,0_165_1140b,102,116,test
86f9054c-7612-4373-89f0-a946d3003f03,,video_0084.mp4,0_84_455b,23,37,test
1a3afec4-ed91-48d0-9415-a515bc190da8,,video_0090.mp4,0_90_497b,57,71,test
352ecefb-3a23-4708-aa07-dfb261f5e9ae,,video_0083.mp4,0_83_447b,61,75,train
c2a9ba98-8b73-49ee-bd6a-75f94da2f7c6,,video_0262.mp4,0_262_2025b,52,66,train
2344df4b-b2d0-4943-b221-3ffaf8ac18c7,,video_0313.mp4,0_313_2452b,375,389,test
78712b68-f217-480f-9c83-4fad8dbd1603,,video_0310.mp4,0_310_2424b,29,43,train
f29be5e7-d9c1-4884-b82b-42f46c0ba13b,,video_0132.mp4,0_132_786b,83,97,train
e9aee496-5228-456a-b79d-2635a64c8697,,video_0057.mp4,0_57_257b,41,54,train
e509b5ae-e1e0-47a7-985a-d7eca1d53c3a,,video_0087.mp4,0_87_477b,80,94,test
75f077fc-954b-4d84-bec4-b774f7cc9d02,,video_0188.mp4,0_188_1349b,105,119,train
6a48799d-31a0-4578-959a-9f856b2c3fb4,,video_0334.mp4,0_334_2617b,4,18,test
dd04d720-4693-488e-aa84-359d093ef790,,video_0117.mp4,0_117_679b,468,482,test
056a3179-7988-4a82-ba9b-87b305e67446,,video_0134.mp4,0_134_793b,210,224,train
0daaee23-65c7-4cbb-9ed1-a157beb18490,,video_0135.mp4,0_135_817b,133,147,test
91270537-7ec0-4cb6-a594-973266d5e12d,,video_0224.mp4,0_224_1683b,108,122,test
09895213-bcfc-4c02-9ad7-43c6fe427387,,video_0265.mp4,0_265_2066b,15,29,test
c8a30e3c-7472-4f44-a3d2-86b5cee52579,,video_0152.mp4,0_152_1019b,83,97,test
ab43e214-afee-4158-9d7a-d9b4e81355a8,,video_0232.mp4,0_232_1771b,44,58,train
37e57deb-b23b-466b-95b9-569acb8b7521,,video_0319.mp4,0_319_2510b,38,52,train
5033f4fc-20d3-491b-9937-cf03fd64f52c,,video_0108.mp4,0_108_595b,48,62,train
8c74e6c1-f53b-4add-8f7a-25f008ea191a,,video_0049.mp4,0_49_219b,100,113,train
4f4eb190-40c1-4953-a483-37fdea3db90a,,video_0135.mp4,0_135_805b,110,124,test
de66df68-30d0-4e83-af47-4588e762dc7c,,video_0076.mp4,0_76_403b,62,76,test
7adea195-d7f9-4ff7-a767-61820bc7133e,,video_0086.mp4,0_86_461b,42,56,train
b1f5acdc-da62-442a-add8-727d62a4c823,,video_0332.mp4,0_332_2607b,83,97,test
8cdef085-d527-4a86-aab4-ba47ecc49bf3,,video_0242.mp4,0_242_1869b,49,63,train
982a240e-11ca-49fd-9e42-9bfab26f8064,,video_0305.mp4,0_305_2375b,70,84,test
6033587f-882e-4e1d-b50f-7318cfdbe037,,video_0135.mp4,0_135_828b,109,123,test
15fd5685-1921-4544-bbc0-fb96110a39b1,,video_0254.mp4,0_254_1975b,43,57,train
09cb8bd1-ea72-4afd-b51b-f55b2fea82f6,,video_0295.mp4,0_295_2291b,246,260,test
a6bd5f3b-0c4b-42af-b3c9-e7e354c84665,,video_0143.mp4,0_143_881b,36,50,train
6d2a419d-a789-450c-8d2f-9d7f7680971e,,video_0242.mp4,0_242_1866b,77,91,train
658e3a07-1105-4d70-8e82-e915ccdc688f,,video_0276.mp4,0_276_2177b,126,140,train
8daaf082-3c37-4787-9614-a4172f0f8015,,video_0342.mp4,0_342_2685b,68,82,train
a64ed73a-5647-47b0-a6cd-1f91ec645e13,,video_0234.mp4,0_234_1797b,50,64,test
8c727e65-b895-42ed-a97c-485e6c7341f1,,video_0106.mp4,0_106_585b,89,103,test
96dac032-8fc2-457f-a0d6-51319f1f2087,,video_0231.mp4,0_231_1760b,19,33,train
7402f2da-f1ad-4de0-9e62-7bee07ca435e,,video_0277.mp4,0_277_2185b,198,212,test
971b1c9d-9acd-41f8-a80e-6b47d95fbfb5,,video_0085.mp4,0_85_460b,125,139,train
2d51ab08-1b1c-4cbc-a7a7-e7238f21b28a,,video_0011.mp4,0_11_56b,30,43,train
e138862d-8dea-4475-8af1-d0a83300f633,,video_0308.mp4,0_308_2398b,79,93,test
c42afad2-9163-438b-a4c4-9a7f27fba4d4,,video_0124.mp4,0_124_742b,108,122,test
bebda745-2eda-49b5-8b68-438bc5fbd237,,video_0091.mp4,0_91_502b,36,49,train
d1984dbd-081e-4c65-9311-b996c65f793a,,video_0119.mp4,0_119_695b,59,73,train
fddbb236-753d-426a-890f-38be666e4cf9,,video_0147.mp4,0_147_950b,8,22,train
082e5b86-da6f-4a3d-9f00-9483efee03f6,,video_0194.mp4,0_194_1429b,57,71,train
119ae08d-ec58-44ed-b5be-8170afa9a917,,video_0173.mp4,0_173_1211b,43,57,test
63b9648f-d550-4b12-9ccd-e32563f98b8b,,video_0105.mp4,0_105_580b,66,80,test
099b4e67-2b13-4d1b-8b21-ee15aa3b191f,,video_0242.mp4,0_242_1864b,65,79,train
927b8948-c864-446c-9f27-0db6004018ef,,video_0161.mp4,0_161_1091b,25,39,train
02755f28-3921-4182-b4eb-d72155b9a55e,,video_0219.mp4,0_219_1612b,67,81,train
d7688f2b-10c8-400b-9c93-0d1cdabac439,,video_0120.mp4,0_120_701b,43,57,train
53206726-da2f-49fd-81ad-51c6c97e4b98,,video_0277.mp4,0_277_2180b,109,123,test
4a4afbef-24c7-439c-b0df-898654aa1ae9,,video_0145.mp4,0_145_930b,70,84,train
559990f6-8149-4bfc-9db3-033f80fcd200,,video_0290.mp4,0_290_2244b,56,70,train
04e0f9f2-e610-4420-a016-3a1dc0dda440,,video_0324.mp4,0_324_2562b,121,135,train
183daddf-be1a-4977-a27f-4b59c1464354,,video_0080.mp4,0_80_428b,28,42,train
d7bfc27e-4a48-4c9b-94c7-1f5ca7a1b46e,,video_0223.mp4,0_223_1666b,243,257,test
59fc8104-0d85-4b53-a6fb-c63cc4d288c5,,video_0190.mp4,0_190_1371b,88,102,train
a448f27b-11ad-4090-aa5e-5845f5b1b5d9,,video_0126.mp4,0_126_750b,44,58,train
bfbd814a-035b-431e-abaa-0fd828515822,,video_0234.mp4,0_234_1804b,106,120,test
de885891-c355-428c-9f97-8c5f4b194041,,video_0266.mp4,0_266_2079b,83,97,train
fcf21c1a-c467-4bbb-8dd9-22e20cdb2f84,,video_0116.mp4,0_116_671b,192,206,test
fa335de8-f66a-4717-a65c-ad4e36fd24ac,,video_0125.mp4,0_125_748b,67,81,test
d80841c2-f969-4bee-8d33-acd141acea93,,video_0233.mp4,0_233_1786b,98,112,train
ceedec38-f4cf-4472-b908-e864a78f1d89,,video_0113.mp4,0_113_642b,11,25,test
701e1286-5126-4028-b255-73c2982147c9,,video_0055.mp4,0_55_254b,19,32,test
8618d4a0-8596-4565-8110-0e2f289e2390,,video_0309.mp4,0_309_2406b,3,17,test
d69b59a5-f628-45cb-970b-4501d6701032,,video_0313.mp4,0_313_2462b,363,377,test
f6b90dd1-f3d3-48bd-81c2-6beaf4ce2f18,,video_0210.mp4,0_210_1511b,6,20,train
855e5bb3-9b0c-41cf-b34e-aaff449eefde,,video_0135.mp4,0_135_825b,413,427,test
cd1d7300-051f-4371-9116-c26381c23dc8,,video_0116.mp4,0_116_672b,29,43,test
af5a2000-a863-46ec-b236-e51eb0ce4ee5,,video_0112.mp4,0_112_631b,52,66,train
90e3e821-f4a2-4a0d-b639-8ce513accc8b,,video_0188.mp4,0_188_1350b,93,107,train
9974809b-d91d-4f52-9f26-0d244515685e,,video_0109.mp4,0_109_608b,102,116,train
bdbd678b-684c-45d4-aea4-d3c5499d9911,,video_0286.mp4,0_286_2228b,149,163,train
7209edec-02c1-4a95-bf95-8f66807f76ac,,video_0281.mp4,0_281_2203b,89,103,train
98ddf107-b709-4e79-a4a9-c4ffea2bce3a,,video_0225.mp4,0_225_1690b,61,75,train
b069c3ce-91c4-4fca-81c2-2443349c68e5,,video_0297.mp4,0_297_2304b,48,62,train
b027e0ea-67e6-4ba4-a666-f676c78e5ca8,,video_0267.mp4,0_267_2095b,16,30,test
78cbd1e2-31d3-4833-9471-7ba65ab8b8f7,,video_0179.mp4,0_179_1286b,82,96,test
0761b795-a892-4368-8b83-0f73a8b2567e,,video_0035.mp4,0_35_163b,23,36,train
d5ac66d5-b62c-497a-b6f7-7d28977c152b,,video_0233.mp4,0_233_1791b,68,82,train
dc9b6f54-7ea5-4815-b7c7-e703c6a98b71,,video_0320.mp4,0_320_2516b,61,75,train
11feda10-5e21-494b-8a8c-b8ef28309594,,video_0194.mp4,0_194_1424b,297,311,train
edaff249-6b34-4fd3-9813-63bb3184b26f,,video_0272.mp4,0_272_2157b,133,147,train
11adafa5-4fa6-4961-9fd6-80ce7fc5edff,,video_0049.mp4,0_49_218b,64,77,train
3c71912a-ca7e-4096-b176-bef0c08cdb1a,,video_0342.mp4,0_342_2686b,45,59,train
f3dcbd53-e56f-4cc5-96af-002ef77259ff,,video_0234.mp4,0_234_1800b,31,45,test
b1338a71-7309-4060-bde4-32e82af052af,,video_0310.mp4,0_310_2415b,10,24,train
1dd16242-1219-493b-a9da-5460d71e776d,,video_0197.mp4,0_197_1455b,9,23,test
da76da38-ff8c-4cc0-a162-886a28b5a497,,video_0257.mp4,0_257_1990b,76,90,train
6cbe16fc-13dc-4cce-a0bb-69948b0ceb81,,video_0208.mp4,0_208_1502b,86,100,train
2adcc477-61dc-4363-8434-dbe06e560373,,video_0329.mp4,0_329_2591b,89,103,test
64a438db-96c1-4d51-9230-d0badd44a29b,,video_0171.mp4,0_171_1201b,26,40,train
3ab856f9-56a9-4ad3-bd2e-a1a952064b5b,,video_0300.mp4,0_300_2330b,66,80,test
bf3d99ce-0d6d-4d06-b5db-bb4c60515391,,video_0196.mp4,0_196_1443b,38,52,train
add39b10-dfb0-45b8-9443-821cda715d84,,video_0221.mp4,0_221_1636b,104,118,test
47e1dcaf-e766-4b32-af61-2633d6c43734,,video_0098.mp4,0_98_545b,10,24,train
24dda536-4c21-457e-9656-c95658bbad88,,video_0331.mp4,0_331_2605b,108,122,train
34bdb355-6346-484f-99eb-9fac94d2b823,,video_0210.mp4,0_210_1510b,12,26,train
2e15fa20-8e1c-45e9-82b2-6e2d3b82f74a,,video_0135.mp4,0_135_801b,126,140,test
7a1936d3-6813-4be6-ad02-7f9441720195,,video_0267.mp4,0_267_2093b,29,43,test
a4e83a3b-df1b-4d62-8619-4314b8701fe0,,video_0344.mp4,0_344_2696b,10,24,test
aec8114b-74f3-41a5-9b92-398d960889dd,,video_0309.mp4,0_309_2401b,7,21,test
9d5b74c6-496b-4bcf-92dc-511c123f7cd9,,video_0245.mp4,0_245_1890b,36,50,test
0de7943c-5e9e-44ae-b97c-4d74dcb68267,,video_0105.mp4,0_105_581b,38,52,test
4e64c8c7-bb75-4c6d-ac79-97edb0ee8977,,video_0289.mp4,0_289_2238b,12,26,train
03e680ca-cbe6-4080-a868-1f98040d3f35,,video_0150.mp4,0_150_970b,132,146,test
08503b85-7cc3-4f52-a2ad-b10e75a683de,,video_0267.mp4,0_267_2097b,16,30,test
4893aa7e-13e8-4cdd-a48f-d915ff679b98,,video_0301.mp4,0_301_2333b,102,116,train
3e7fc22a-e271-4664-a0e4-ac704f22e3ec,,video_0241.mp4,0_241_1860b,51,65,train
3c9e4616-3a56-4eba-a379-1b4d3cb1c941,,video_0005.mp4,0_5_16b,29,42,test
83eaf9f5-2132-4591-a18b-edf8623179a2,,video_0020.mp4,0_20_86b,368,381,train
93d365fb-6017-4996-8910-774614757396,,video_0103.mp4,0_103_573b,79,93,test
1afbfacc-7fb3-482a-ac17-e817f0836a0e,,video_0176.mp4,0_176_1250b,153,167,train
6970c91e-7a44-4a1d-a794-90fb9354aa62,,video_0228.mp4,0_228_1731b,100,114,train
90ce1d3a-188b-40d7-a389-54bde271e4a8,,video_0151.mp4,0_151_988b,89,103,test
605efa08-c890-423b-9dd6-7f87e16ac9db,,video_0255.mp4,0_255_1985b,120,134,train
fcccae4f-58e6-440f-86ed-d6d0d48b6d63,,video_0301.mp4,0_301_2338b,68,82,train
965e7d5d-a6ac-40d8-8945-c5868c69f492,,video_0143.mp4,0_143_877b,44,58,train
3c0059ce-a065-4029-83ef-d1a1fcdbedf7,,video_0313.mp4,0_313_2469b,41,55,test
a2ffc390-bb04-4ad9-aa6c-27ce759667d7,,video_0236.mp4,0_236_1824b,107,121,train
770c014b-86de-478f-a86a-29ed0016ced5,,video_0164.mp4,0_164_1133b,0,13,test
ba7c72e4-55e0-4910-8e06-d8803642bebb,,video_0307.mp4,0_307_2390b,64,78,test
c3707230-0321-45cd-bb46-aaf9ee040126,,video_0290.mp4,0_290_2248b,56,70,train
b5c31128-7ccb-49a0-afb2-3c00f8f3cbdb,,video_0192.mp4,0_192_1404b,50,64,train
54d99ac4-8ebf-4e40-b538-6223a8238f2a,,video_0004.mp4,0_4_10b,20,33,train
88769084-15f2-4415-a3ef-ece6e2feaead,,video_0149.mp4,0_149_961b,73,87,train
cff19e9c-bd5e-4747-9350-5e84960c404f,,video_0324.mp4,0_324_2560b,116,130,train
01005d94-64d1-4bcc-ba7b-5ebfe923b261,,video_0266.mp4,0_266_2090b,88,102,train
0fbef8b3-c036-4131-b271-e56db8a91fc4,,video_0293.mp4,0_293_2273b,201,215,train
64382fb0-536b-4324-abea-8cef5779af2c,,video_0326.mp4,0_326_2566b,67,81,train
7eca3937-592c-4b6d-8d0e-148eda5e4293,,video_0266.mp4,0_266_2083b,62,76,train
7c3bf3d9-7d10-4c69-9b2a-dd31059ea934,,video_0165.mp4,0_165_1137b,100,114,test
8d58a4e6-d657-4c19-b0a9-c15c19ee7d6a,,video_0313.mp4,0_313_2456b,410,424,test
0f0dc7e3-f5cb-4c98-89c8-5b4423e7c766,,video_0253.mp4,0_253_1974b,44,58,test
dafd3bb2-7544-4684-b924-e05522121e1f,,video_0237.mp4,0_237_1833b,11,25,train
c6aa11f3-8541-4d2b-8e87-3b09cc01f7e2,,video_0135.mp4,0_135_829b,380,394,test
1295b9d0-3048-4e3c-abad-bb24ac8b9689,,video_0135.mp4,0_135_815b,103,117,test
29bb1aff-e55e-43b7-b4ab-9f8d2f06f7b1,,video_0005.mp4,0_5_14b,29,42,test
937f4753-843a-458d-9c5a-8542050784f6,,video_0299.mp4,0_299_2325b,62,76,test
cf2565ef-6b3b-41be-bf96-17457d9ba2bb,,video_0307.mp4,0_307_2395b,61,75,test
8cb41d3e-ae82-45cd-8280-88298a5687ca,,video_0267.mp4,0_267_2098b,33,47,test
461bcb71-0f7b-48b1-b0c7-47935b24893b,,video_0001.mp4,0_1_3b,350,363,train
e72f3d7d-2b79-4577-88d5-552457392e51,,video_0071.mp4,0_71_365b,193,207,test
466e5bcc-325d-4d79-9338-ce6ef8143fb1,,video_0194.mp4,0_194_1433b,149,163,train
7ab3abab-db58-4292-bbf8-3ec976f7aec2,,video_0332.mp4,0_332_2609b,88,102,test
8d479beb-0a31-4904-a1aa-bf304b1e800d,,video_0118.mp4,0_118_685b,141,155,test
7decb5e8-fdcc-4b71-beee-3a3a62fcd886,,video_0184.mp4,0_184_1308b,12,26,train
c7c79a9a-9e7f-4b31-a3a4-5655f538ee12,,video_0005.mp4,0_5_12b,130,143,test
17e632c8-a17a-4b2f-acbf-d2a881ef7c27,,video_0177.mp4,0_177_1268b,27,41,test
457339e2-8a3f-4638-8ff1-bd0d65c02b50,,video_0103.mp4,0_103_572b,95,109,test
3aa0a958-c9e4-41cd-bce4-866f97ffe73d,,video_0167.mp4,0_167_1152b,32,46,train
bf566192-0e4c-44d6-a922-451be4370285,,video_0048.mp4,0_48_217b,73,86,test
03591227-84b6-405b-8dc8-b354e9ed625f,,video_0326.mp4,0_326_2571b,27,41,train
4218e45b-4461-4269-b52a-d8b488a0f796,,video_0204.mp4,0_204_1481b,70,84,train
689d4046-da1b-4bf2-b1f1-c4f0b4244082,,video_0078.mp4,0_78_410b,50,64,train
c7e43a0f-d702-49b9-8b0a-1b6a9407ac12,,video_0277.mp4,0_277_2182b,115,129,test
f825247a-1eff-44cc-b776-f7d505564b83,,video_0005.mp4,0_5_19b,67,80,test
3cb6135f-4ab8-4048-a5e4-980ba22e983a,,video_0240.mp4,0_240_1858b,51,65,train
1fb54a4e-3c53-41e0-9479-ad635ea90eb4,,video_0149.mp4,0_149_960b,191,205,train
35dbb72b-3468-4752-b784-bbeb73ea1c35,,video_0271.mp4,0_271_2149b,67,81,test
74878c9c-14fc-4036-a92a-6314796928d2,,video_0017.mp4,0_17_74b,106,119,test
6115ead6-5473-4803-8314-1dc99bebd8e1,,video_0284.mp4,0_284_2222b,0,13,train
b0fa21c7-0aa0-4b2f-9e19-8312407b0a00,,video_0163.mp4,0_163_1103b,62,76,test
4580ce8d-a8b8-46e8-a163-18e46305f829,,video_0215.mp4,0_215_1576b,177,191,train
294d3ad8-3cdd-401a-a8e2-ae1724389c19,,video_0188.mp4,0_188_1348b,90,104,train
6fd85852-72f1-490e-bd10-92269b1f998e,,video_0219.mp4,0_219_1618b,86,100,train
28a250ac-d216-44fb-8fa5-5637f496cec2,,video_0124.mp4,0_124_727b,141,155,test
0c425237-0f5d-4b39-baae-d09cd2363a60,,video_0209.mp4,0_209_1508b,83,97,train
b094fde4-71c0-4be4-adc4-e4775aefd7bf,,video_0145.mp4,0_145_934b,82,96,train
09decfbb-c7b2-403c-a7ab-a9beef5f62d5,,video_0215.mp4,0_215_1572b,100,114,train
94dc2a8a-e267-48bf-94d6-f365d503717c,,video_0287.mp4,0_287_2233b,29,43,test
3a8735d7-f02e-49f5-933f-e697b7a37670,,video_0149.mp4,0_149_958b,74,135,train
de91146a-f008-4b64-aeb8-e1c26df39c14,,video_0103.mp4,0_103_570b,104,118,test
a58a4033-6bf4-42c0-b2b4-0c5258929a66,,video_0248.mp4,0_248_1910b,26,40,train
7c225e01-ca4c-4a4d-896d-fd4300314b4f,,video_0183.mp4,0_183_1295b,86,100,test
7d7cab93-74e3-4b75-b99b-8f853b8d350c,,video_0088.mp4,0_88_487b,93,107,train
43b5d88e-ac4a-40f0-9dad-ff773e15b1cf,,video_0080.mp4,0_80_423b,30,44,train
0e2299c9-036b-43aa-b73e-2bf0333161f2,,video_0204.mp4,0_204_1480b,70,84,train
834fa129-ae08-4921-9c30-163b0613e787,,video_0151.mp4,0_151_987b,61,75,test
296d58f3-3fd2-4023-ae65-b508c1b11e68,,video_0322.mp4,0_322_2551b,111,125,test
82401733-3338-479a-817b-ca108a1d0960,,video_0302.mp4,0_302_2348b,78,92,train
00329f59-ed42-45f0-8c27-3f4b0957be0e,,video_0251.mp4,0_251_1947b,126,140,test
90148a4e-8119-4574-afb2-c43ab286aa1c,,video_0335.mp4,0_335_2621b,14,28,train
fb4f47c0-a6ef-43ac-a861-46ed5aa02aa5,,video_0124.mp4,0_124_743b,254,268,test
026bb4d4-1921-4608-b5eb-c6380b7162de,,video_0131.mp4,0_131_774b,35,49,train
15134b36-ae89-4e5f-94c1-bbc7145f1595,,video_0245.mp4,0_245_1893b,36,50,test
3efece7c-207b-4afe-bd36-9a29fb1db1ed,,video_0244.mp4,0_244_1878b,45,59,test
65f5745c-c6ef-42a8-804a-66d7e9b91d7a,,video_0266.mp4,0_266_2087b,199,213,train
f0906fc0-be72-44e6-99cb-b85475608e5c,,video_0094.mp4,0_94_514b,64,78,train
e0785b48-1160-4f05-82c7-2c13935782cd,,video_0280.mp4,0_280_2201b,19,33,test
e070d4f3-a712-4b6b-b1f1-9ab11f10cdf2,,video_0130.mp4,0_130_770b,17,31,train
77eb158e-2b87-4f62-aa74-3b1e4ad0dffe,,video_0005.mp4,0_5_13b,130,143,test
d14513b5-3059-4b4a-b211-789f55e714cc,,video_0221.mp4,0_221_1642b,91,105,test
6562b8d2-421c-4b66-a00d-77731571259b,,video_0135.mp4,0_135_813b,379,393,test
121e72f8-38ed-4d84-a0df-7cebed1f6577,,video_0332.mp4,0_332_2608b,131,145,test
7fb66a66-fb49-4cb9-8209-f4feb42db9dc,,video_0257.mp4,0_257_1989b,66,80,train
82d2b60e-aa4a-4a98-baca-8d442d0fc2c7,,video_0221.mp4,0_221_1634b,187,201,test
855c364b-9036-4ba0-8f2c-75694de54c59,,video_0158.mp4,0_158_1071b,17,31,train
40a67b1e-ccbf-4722-9e21-68b539a5a3ff,,video_0333.mp4,0_333_2610b,80,94,test
895fd6b6-5d5f-487a-99b2-e2ce87201f97,,video_0187.mp4,0_187_1344b,101,115,test
02fccb6c-abcc-4190-b6dd-cc91f1b125f9,,video_0201.mp4,0_201_1468b,58,72,test
cf624cf6-0b7f-48e1-9c7b-c7eb1e290c01,,video_0093.mp4,0_93_511b,96,110,test
bcd4f918-4d98-4e3e-aaa7-b42a45a18beb,,video_0235.mp4,0_235_1813b,105,119,train
3d9da541-f8f1-4e0d-97ad-146208d65d19,,video_0105.mp4,0_105_578b,77,91,test
611e86e5-4dc3-4f25-bda0-38a32bcb0594,,video_0185.mp4,0_185_1314b,26,40,train
3d2121bb-2dd8-4df8-bc2c-aefdf0e62c9f,,video_0244.mp4,0_244_1876b,60,74,test
94247632-9a0d-4b1c-8e82-45f37b7c72e6,,video_0096.mp4,0_96_528b,25,39,test
89029a9c-797d-44c1-a500-4986ed7e277b,,video_0299.mp4,0_299_2328b,46,60,test
4322abce-ac12-460e-90f5-ee31489d2c41,,video_0009.mp4,0_9_46b,17,30,train
6c283909-3dd5-4154-a3b5-45a9d252e84d,,video_0079.mp4,0_79_418b,79,93,train
4fbb0d07-112a-499b-a86e-65440ad3f455,,video_0302.mp4,0_302_2344b,90,104,train
0c487592-066c-4a8b-8c30-443f655d8b33,,video_0339.mp4,0_339_2648b,77,91,test
bb7ea37b-c96c-42d0-84b5-6ef0d29770ef,,video_0240.mp4,0_240_1857b,50,64,train
b0e33315-675e-40b5-8f39-1278121e2c41,,video_0223.mp4,0_223_1672b,329,343,test
b4052083-1227-4cab-a844-9dab9f85cd9b,,video_0338.mp4,0_338_2640b,36,50,test
dc97ade4-5f43-4109-9ac1-4a954cd9914a,,video_0235.mp4,0_235_1807b,89,103,train
6e54dc5d-a05f-43cd-b8eb-fda9a480a248,,video_0098.mp4,0_98_544b,40,54,train
6fd20ef6-de98-4e2a-84b7-c55d93fdc1c8,,video_0094.mp4,0_94_518b,66,80,train
76526a0f-0ae4-4a15-acc9-3fb64acfff43,,video_0184.mp4,0_184_1304b,12,26,train
9912ea9e-d939-4699-8283-0de2751ee14a,,video_0183.mp4,0_183_1294b,112,126,test
110228ba-41bd-4087-8a39-348af54fa5f9,,video_0231.mp4,0_231_1761b,29,43,train
06d1f077-ff3b-4dc3-9df0-c7c351f0014a,,video_0101.mp4,0_101_559b,195,209,test
fa7e2ca8-c4ee-4b12-8a46-6af49c2db96b,,video_0149.mp4,0_149_956b,74,115,train
7ce56065-391e-4fac-8fc5-05247eed76c4,,video_0299.mp4,0_299_2323b,47,61,test
17926a17-f1cf-427f-8356-1c5298304220,,video_0221.mp4,0_221_1623b,187,201,test
f1396faf-c3db-4bd8-a12b-91236d5a2b29,,video_0005.mp4,0_5_18b,29,42,test
526103f4-d95d-40e9-871e-f56bdee0ea59,,video_0128.mp4,0_128_759b,159,173,test
e721d02f-fceb-41ad-bd85-2d3b7b11236d,,video_0179.mp4,0_179_1287b,36,50,test
5b27e1b6-b5ab-4177-accf-cb5b6b4f7db3,,video_0237.mp4,0_237_1831b,8,22,train
4b60206b-d4a5-4dca-8948-12282adb7594,,video_0180.mp4,0_180_1290b,21,35,train
6cd13a7a-12d1-40d1-abd0-554732d7c79a,,video_0269.mp4,0_269_2126b,142,156,train
101603de-7ceb-4017-b93f-98c58cad7b30,,video_0166.mp4,0_166_1145b,77,91,train
98b615fe-b169-4fe4-a717-7a37fb6a09d8,,video_0302.mp4,0_302_2352b,81,95,train
9b1604c4-9295-4985-9dc6-0a3e9c3c0335,,video_0275.mp4,0_275_2173b,73,87,train
11f7cbd5-bfe5-4835-89c4-32c3ded051c3,,video_0209.mp4,0_209_1509b,29,43,train
9ce4c014-2636-4f00-978e-b5b09345db14,,video_0249.mp4,0_249_1923b,56,70,train
d5c000d9-d6d8-488c-a649-201d3f85295d,,video_0331.mp4,0_331_2599b,155,169,train
90f9ddcd-05f4-412a-a46c-0e73772d7f7a,,video_0281.mp4,0_281_2208b,123,137,train
47ed0651-2058-4495-81f5-8f403f49a9c2,,video_0077.mp4,0_77_406b,54,68,train
581a944c-e6c5-4663-989b-1820af16a894,,video_0195.mp4,0_195_1436b,0,14,train
3855b337-baf4-41ec-ac1b-36aeab769b30,,video_0345.mp4,0_345_2698b,30,44,train
1f19d917-a13e-4769-b0e6-fdfd4ec98f8c,,video_0231.mp4,0_231_1765b,79,93,train
550b70dd-7264-4890-9008-380d2ecf5978,,video_0109.mp4,0_109_611b,88,102,train
e2d9f29d-a4c1-4e56-96ae-3dbd4ac52446,,video_0135.mp4,0_135_819b,91,105,test
3ad9b07b-2ed1-478a-abae-5b46d5b58b9f,,video_0132.mp4,0_132_781b,83,97,train
5dd99134-d3db-4942-912d-874a1f1964b4,,video_0213.mp4,0_213_1554b,50,64,test
ef73fefc-6be9-4581-9b00-db1eb03730e2,,video_0260.mp4,0_260_2012b,114,128,train
774be0c0-1f4b-463b-8a7b-aef7f4a43765,,video_0315.mp4,0_315_2482b,77,91,train
e6a282d5-afde-4e33-9123-036d75ca2be0,,video_0336.mp4,0_336_2630b,22,36,test
f0484278-9163-4095-8d74-37a34bd01461,,video_0310.mp4,0_310_2419b,49,63,train
6a97a687-ed0a-437e-9df5-180515dd58f5,,video_0298.mp4,0_298_2315b,129,143,train
2176acac-12be-4cb8-8fe5-3c9cfa0f82ca,,video_0268.mp4,0_268_2105b,130,144,train
699e2dcc-1869-4ed5-b006-08fcd0b75a17,,video_0114.mp4,0_114_651b,57,71,train
c757255d-2907-4950-9754-c13ea4740091,,video_0231.mp4,0_231_1766b,17,31,train
4a1079b7-655a-499f-885f-75d6bcdadd06,,video_0222.mp4,0_222_1645b,41,55,test
5eef1160-fe5f-48aa-8e52-39796f833e03,,video_0204.mp4,0_204_1487b,75,89,train
6db122c0-fc8d-4d89-bf4b-b8beecba0209,,video_0140.mp4,0_140_868b,83,97,train
8f2e1d70-4848-4816-94a4-af35b4d1566e,,video_0177.mp4,0_177_1263b,61,75,test
1a2ec65e-0736-4b48-80ad-bc1dd9577db0,,video_0107.mp4,0_107_587b,79,93,test
b0d9d235-ad8e-4c1a-8200-28e6da3f3de1,,video_0111.mp4,0_111_622b,66,80,train
015bb25d-5e44-4ec5-8823-6b93a903ddbc,,video_0078.mp4,0_78_416b,50,64,train
9fecbf23-ca69-4be1-a1f0-f0f5e7de6687,,video_0334.mp4,0_334_2612b,96,110,test
2e42a685-ff23-4e88-a80c-b830bca66fad,,video_0093.mp4,0_93_512b,96,110,test
3db0b6a0-3177-4d92-9d00-356b00545d55,,video_0221.mp4,0_221_1627b,98,112,test
3b842e6f-f7d8-4ca5-83b6-58551182c9e1,,video_0128.mp4,0_128_755b,124,138,test
36da920d-d237-498a-9f44-c0c26f4eb2ec,,video_0297.mp4,0_297_2301b,246,260,train
337f8644-3b64-4129-bf66-88c862659533,,video_0109.mp4,0_109_606b,102,116,train
1935fc39-1956-4bff-9a72-a45cf9cac94f,,video_0134.mp4,0_134_797b,258,272,train
e6a97554-235f-4f7c-bc38-6e48046c70aa,,video_0114.mp4,0_114_646b,197,211,train
13eb6a97-4a73-4141-af7b-366067cb7f23,,video_0027.mp4,0_27_119b,29,42,train
940ed6e1-f77b-4307-acef-c58b39cc363d,,video_0211.mp4,0_211_1517b,49,63,test
bb6c44fc-4c78-487f-b1c7-0c444ec406a8,,video_0294.mp4,0_294_2286b,114,128,test
309e0317-43aa-49e8-a067-6001a911f6cd,,video_0324.mp4,0_324_2559b,114,128,train
44d3aa17-9f75-42e7-b05d-ff691aff3463,,video_0223.mp4,0_223_1664b,132,146,test
14554349-1b70-48fb-9706-053683651f1a,,video_0325.mp4,0_325_2564b,135,149,train
ac7dfbfb-da7c-4c47-a933-1f66c5673812,,video_0309.mp4,0_309_2405b,61,75,test
91760b7e-cc04-4bec-ad83-4625ae048563,,video_0327.mp4,0_327_2586b,128,142,test
7c086757-7b75-437f-81f4-5c4c3ce30125,,video_0152.mp4,0_152_1010b,88,102,test
34337c38-440d-4250-a11f-ad13a304711b,,video_0204.mp4,0_204_1484b,88,102,train
cfd7a2ce-dd2b-4ca2-95ef-3efd3473f403,,video_0314.mp4,0_314_2475b,105,119,test
bc5bab55-285b-4f5e-8c89-81c5c2fb2499,,video_0336.mp4,0_336_2627b,143,157,test
3b8aad40-b90e-44d5-ba34-4f33376cb34d,,video_0209.mp4,0_209_1506b,92,106,train
2d123efd-f5ff-404d-a0d0-47d2478a90a4,,video_0128.mp4,0_128_760b,134,148,test
7290bec2-f65c-4a17-aa8d-4c31d6788350,,video_0256.mp4,0_256_1987b,36,50,train
597dcbef-1aa0-41d9-9e3d-b4e6bcae9cfa,,video_0237.mp4,0_237_1836b,22,36,train
b31418d9-3eec-4c18-8099-a6e41ee9cc53,,video_0327.mp4,0_327_2580b,110,124,test
75351380-b40a-418b-bbc1-9f4db30ea148,,video_0244.mp4,0_244_1881b,7,21,test
f75fe8bf-514f-463e-9806-29ee8593e34e,,video_0251.mp4,0_251_1966b,27,41,test
f47362b5-1783-4a46-8add-07a5467a2a2a,,video_0305.mp4,0_305_2362b,131,145,test
af6e2c40-1cc1-47c7-a2fb-074386c787ff,,video_0150.mp4,0_150_974b,285,299,test
e1672bff-fdbf-4a8a-9f7a-dc1580c38e0f,,video_0055.mp4,0_55_253b,179,192,test
6a4e7d08-79fe-4412-a5c1-7b43d984b195,,video_0171.mp4,0_171_1200b,70,84,train
632a9e62-aaa3-457a-b739-dd77ea72551a,,video_0007.mp4,0_7_40b,41,54,train
fb82f29c-2b9f-4732-a03a-b1486b17413e,,video_0200.mp4,0_200_1465b,12,26,train
b71fac30-248c-4e15-aab5-0210f18c26a4,,video_0307.mp4,0_307_2394b,5,19,test
a3ccbfa7-91d1-43c9-b001-839e613fe964,,video_0203.mp4,0_203_1476b,78,92,test
e25fbc03-29d2-490e-99a7-554c1d2171c1,,video_0314.mp4,0_314_2473b,105,119,test
2aedef6e-6fe4-41b8-b892-63c8b39db0a5,,video_0288.mp4,0_288_2236b,62,76,test
9d3d790b-1499-451c-aba0-44cecd29d6e2,,video_0117.mp4,0_117_674b,544,558,test
d4f3d6cf-b4ae-43b5-965a-6cd615a57d5a,,video_0304.mp4,0_304_2359b,50,64,test
133747e3-2072-4085-a2d5-2b36cf0b5e7e,,video_0204.mp4,0_204_1486b,74,88,train
50d76ea2-3ecb-42a6-9e13-6445f4328c8c,,video_0314.mp4,0_314_2470b,95,109,test
a3a9c4dc-bd50-4741-b833-0bf0f71ce59a,,video_0327.mp4,0_327_2574b,111,125,test
df66c5f3-0367-4a5c-87c2-ac2b573c7007,,video_0203.mp4,0_203_1479b,103,117,test
ea0c8aa1-dc82-4939-a30b-4d3bf5a4bc80,,video_0302.mp4,0_302_2351b,68,82,train
bcd5f59b-ca69-4703-816d-4dadf56bf132,,video_0313.mp4,0_313_2464b,217,231,test
263150a4-c9e3-4539-b69c-7f611a386536,,video_0305.mp4,0_305_2374b,131,145,test
ec227b1e-7a46-4348-9b4c-2a819968e638,,video_0224.mp4,0_224_1682b,21,35,test
b002ee64-ca9e-47d1-bbb2-8d5e073c259d,,video_0071.mp4,0_71_370b,288,302,test
2c4ecb5a-185f-48ac-b800-62b845ee45c7,,video_0200.mp4,0_200_1466b,80,94,train
9d6c996b-6d15-462a-bb41-e43a3d854641,,video_0115.mp4,0_115_670b,114,128,test
547a1ea6-3884-4ec8-9f5e-89519f3ef773,,video_0001.mp4,0_1_2b,13,26,train
d7bf3160-6452-4877-9445-bc554f70037e,,video_0236.mp4,0_236_1820b,9,23,train
0069337a-7054-4241-bfbc-340c28d4d3cf,,video_0318.mp4,0_318_2504b,217,231,train
ff638b98-a704-46f0-af53-0da14f04af42,,video_0320.mp4,0_320_2517b,165,179,train
d2dc92c1-255b-45f7-addf-595e15a5e4c3,,video_0206.mp4,0_206_1491b,109,123,test
97625c58-1e48-41ba-9e13-5b94b6285722,,video_0059.mp4,0_59_265b,23,36,test
da870c02-1c07-46fd-90e3-57a5a020b210,,video_0245.mp4,0_245_1887b,36,50,test
cd99bd8b-e6a6-4bdf-b7d2-07361fd8a79d,,video_0203.mp4,0_203_1474b,64,78,test
b9248e30-a597-41ec-ad59-cea5c2ecb9cf,,video_0148.mp4,0_148_953b,23,37,test
f301f09c-6cb9-445a-a13b-b60a3e27ab52,,video_0020.mp4,0_20_91b,9,22,train
844380bb-855e-4212-9b7e-871ccaf1f13d,,video_0125.mp4,0_125_744b,70,84,test
c3b6f30e-ce09-44f3-b08d-c173e690bf94,,video_0334.mp4,0_334_2614b,251,265,test
a2dfdd46-19ac-4833-b93a-c36062cf88bf,,video_0133.mp4,0_133_789b,195,209,train
bfd7363e-3ac7-474d-b0a8-08446b012884,,video_0162.mp4,0_162_1095b,52,66,test
4a29531a-53db-4ea6-98a4-b5bdec4051a3,,video_0298.mp4,0_298_2319b,24,38,train
f7c419b4-fd77-4dc7-8867-b9d321b8fb6e,,video_0008.mp4,0_8_44b,67,80,train
f1f38287-a368-4b07-b4ad-f1f7d0e4babf,,video_0221.mp4,0_221_1639b,205,219,test
41556d1c-7076-40e4-a1e1-edfc47bc0e1a,,video_0344.mp4,0_344_2692b,54,68,test
91132679-db8c-4b80-9851-cdcdf7d57937,,video_0205.mp4,0_205_1488b,27,41,train
cb710b91-ddcf-4db3-bda0-cb8c0bf7deb8,,video_0152.mp4,0_152_1018b,96,110,test
464e0880-394a-4ff4-b39f-3db845b69e40,,video_0305.mp4,0_305_2366b,135,149,test
63821981-ada9-4763-a7c9-97330a937397,,video_0208.mp4,0_208_1497b,210,224,train
46611576-039d-496d-a768-e0bf663ff8b2,,video_0305.mp4,0_305_2371b,135,149,test
a3ded792-2386-42a3-8e2c-0036e2a2f847,,video_0224.mp4,0_224_1677b,24,38,test
a986130e-1a01-4e3a-9d91-96c463a3749f,,video_0148.mp4,0_148_952b,33,47,test
ba2c51ef-306a-4ed3-948a-d4ae117bae9a,,video_0059.mp4,0_59_260b,51,64,test
1bfe443e-1e44-4bea-b756-f67730ab8171,,video_0257.mp4,0_257_1991b,44,58,train
325cd09b-00c0-42f5-882a-9c201789d4cb,,video_0136.mp4,0_136_841b,2,16,train
e52125a7-d723-46c3-9b89-840c76026e3f,,video_0305.mp4,0_305_2363b,135,149,test
7da32b7a-9acb-474e-bf6a-25dc59c95611,,video_0186.mp4,0_186_1333b,84,98,train
98821310-b652-47ed-a215-f0a757370a8f,,video_0327.mp4,0_327_2573b,118,132,test
9d9dbe95-8d6e-492f-98da-0e541881adbe,,video_0327.mp4,0_327_2587b,122,136,test
0802e9c3-8a96-47db-88a0-8ff3969d5289,,video_0106.mp4,0_106_584b,107,121,test
8a5a3f4c-5c7e-44b2-8590-2b3a322df1ca,,video_0128.mp4,0_128_754b,329,343,test
c7e39f81-69b8-4ddb-9760-59ee23be2bc1,,video_0239.mp4,0_239_1856b,53,67,test
2a496c3a-181f-4aed-a5d0-bfea1b310d93,,video_0246.mp4,0_246_1894b,118,132,train
864acada-9227-4a23-a261-c8f90e3d3bc6,,video_0135.mp4,0_135_818b,7,21,test
4bbd1f0a-269b-4e1f-960c-4395c5cf800f,,video_0305.mp4,0_305_2365b,135,149,test
36ebbe05-793f-40c6-8736-f862a7777bf9,,video_0305.mp4,0_305_2370b,135,149,test